ID,Name,Age,Address
1,GOWtkmTBb,47,iVaybsvRxHDz
2,gCbxHkPU,55,HtKe1fAJn yqxvJlUie
3,wXjeZLWB,33,BEMZaHFWnqZmRBbj7pQA
4,BbKIhypYKi,61,4sKhrINGwpR
5,HqepXAs,24,q9AUVJyLlVL15cOkSX8
6,oSENMX,65,K1Mt0haRH1Tpb
7,PqHevaJp,55,KOILdo16MVMuOc6
8,NxIyO,45,EMJGrswxsUwF
9,HOUwCNTASY,65,LkW FaRike
10,XzvzuupC,54,7bM5kxyrxchV6Ip ZlN
11,aPHelo,59,chbtm3Qv9OyJ2k8Qz7
12,gBqknWSvL,36,lcp7AS6l68
13,VmygJbn,34,1vBfYdHLewb1TyMsJAq9
14,xgtoANGcFm,44,TWbOWy8nUfesV10qyj4
15,PkBYxFZaH,62,41PbUAsc6B0ZSxbeOz
16,ZWcvh,39,5Cog kCCj zo
17,CtuzHwWuld,57,YxjwH FFYjwLXDAm
18,HnsgS,18,Yv8p6VK7Y4iQ0m1
19,aIbrjEACu,49,8zY3Uwpu9LAphNg
20,TmpFDYW,60,Xo91j96ioMO2Xl5g25QA
21,txHZG,56,RaMWU3Zd4uSxyFTkjJu
22,UpHSoCN,43,MEZ0hm kcBCTZN
23,caUyIOe,3tttt9,0ZaHYV240jg2RgUmiQm
